,Brand Name,Product Name
0,New Balance,200 Lifestyle Slider Sandals
1,New Balance,200 Lifestyle Sandals
2,Nike,Revolution 7 Running Shoes
3,Nike,Revolution 7 Men's Road Running Shoes
4,ADIDAS,adilette sandal 4.0
5,Under Armour,TriBase Reign 6 Shoes
6,Under Armour,Men's Charged Verssert 2 Running Shoes
7,Nike,Dunk Low Men's Shoes
8,Nike,Air Force 1 '07 Shoes
9,Nike,Offcourt Adjust Slides
10,Under Armour,Men's Speed Swift Running Shoes
11,Under Armour,Curry 11 Shoes
12,Nike,Downshifter 13 Shoes
13,Under Armour,TriBase Reign 6 Shoes
14,Under Armour,Charged Verssert 2 Running Shoes
15,Under Armour,Charged Assert 10 Shoes
16,Under Armour,Men's Rogue 4 Running Shoes
17,Under Armour,Charged Rogue 4 Shoes
18,Nike,Revolution 7 Shoes
19,Nike,Air Force 1 '07 Shoes
20,New Balance,237 Classic Lifestyle Shoes
21,Under Armour,Project Rock 6 Shoes
22,Under Armour,Men's Speed Swift Running Shoes
23,Under Armour,HOVR Phantom 3 SE Shoes
24,Under Armour,Men's Charged Assert 10 Running Shoes
25,Nike,Air Max SC Shoes
26,Under Armour,JET '23 Shoes
27,New Balance,480 Lifestyle Shoes
28,Under Armour,Charged Pursuit 3 Running Shoes
29,Under Armour,HOVR Sonic 6 Shoes
30,Nike,Court Vision Low Next Nature
31,Nike,Reactx Infinity Run 4 Shoes
32,Under Armour,Men's HOVR Turbulence 2 Shoes
33,PUMA,[NEW] PUMA Transport Modern Men's Running Shoes (Black)
34,ADIDAS,rivalry low shoes
35,ADIDAS,samba og shoes
36,Under Armour,Charged Impulse 3 Knit Shoes
37,Under Armour,Ignite Select Slides
38,,
39,,
40,,
41,New Balance,373 Classic Lifestyle Shoes
42,New Balance,373 Classic Lifestyle Shoes
43,Nike,Revolution 7 Men's Road Running Shoes
44,Nike,Waffle Debut Shoes
45,Nike,Free Metcon 5 Shoes
46,Under Armour,Charged Assert 10 Shoes
47,Under Armour,Men's HOVR Turbulence 2 Running Shoes
48,Nike,Initiator Running Shoes
49,ADIDAS,Pureboost 23 Shoes
50,Under Armour,Men's Rogue 4 Running Shoes
51,ADIDAS,superstar xlg shoes
52,Under Armour,Ignite Select Slides
53,Under Armour,Charged Revitalize Shoes
54,New Balance,500 Classic Lifestyle Shoes
55,Timberland,Waterproof Leather and Fabric Mid Boots
56,Under Armour,SlipSpeed Training Shoes
57,Nike,Court Vision Low Next Nature Shoes
58,Nike,Structure 25 Running Shoes
59,Under Armour,Men's Charged Revitalize Shoes
60,Under Armour,Men's Charged Pursuit 3 Running Shoes
61,ADIDAS,ultraboost light shoes
62,Under Armour,Project Rock BSR 4 Shoes
63,Under Armour,HOVR Sonic 6 Shoes
64,PUMA,Trinity Lite Sneakers Men
65,PUMA,Cool Cat 2.0 Pop Up Metal Slides
66,New Balance,500 Classic Lifestyle Shoes
67,Under Armour,TriBase Reign 6 Shoes
68,Under Armour,SlipSpeed™ Training Shoes
69,Under Armour,HOVR Phantom 3 SE Shoes
70,New Balance,373 Classic Lifestyle Shoes
71,Under Armour,Men's Speed Swift Running Shoes
72,New Balance,480 Lifestyle Shoes
73,Nike,Winflo 11 Men's Road Running Shoes
74,Under Armour,Ignite Select Slides
75,Under Armour,Phantom 3 SE LTD Running Shoes
76,Under Armour,Men's Charged Pursuit 3 Big Logo Shoes
77,Under Armour,Lockdown 6 Shoes
78,Under Armour,Charged Assert 10 Shoes
79,,
80,,
81,,
82,New Balance,200 Lifestyle Sandals
83,New Balance,237 Classic Lifestyle Shoes
84,PUMA,Puma Smash 3.0 Retro Aca
85,Nike,Air Max Alpha Trainer 5 Shoes
86,Under Armour,Charged Pursuit 3 Big Logo Shoes
87,New Balance,237 Classic Lifestyle Shoes
88,Under Armour,Men's Phantom 3 SE LTD Running Shoes
89,Under Armour,Ansa Graphic Slide Sandals
90,New Balance,480 Lifestyle Shoes
91,PUMA,All Day Active Sneakers
92,New Balance,237 Classic Lifestyle Shoes
93,Under Armour,Charged Speed Swift Shoes
94,ADIDAS,tobacco gruen shoes
95,Under Armour,Charged Commit TR 4 Shoes
96,Under Armour,JET '23 Shoes
97,Under Armour,HOVR Phantom 3 SE Shoes
98,Under Armour,Ansa Fixed Slides
99,New Balance,574 Classic Lifestyle Shoes
100,Under Armour,Men's Velociti 3 Running Shoes
101,Nike,Revolution 7 EasyOn Running Shoes
102,ADIDAS,rivalry low shoes
103,PUMA,Puma-180 Perf Sneakers
104,Under Armour,Men's Ignite Pro Graphic Strap Slide Sandals
105,ADIDAS,rivalry low shoes
106,PUMA,Softride Enzo Evo Running Shoes
107,PUMA,Softride Rift Running Shoes
108,Under Armour,HOVR Sonic 6 Shoes
109,Nike,Dunk Low Retro Shoes
110,ADIDAS,adilette slides
111,Under Armour,Men's Charged Impulse 3 Knit Running Shoes
112,Under Armour,Project Rock BSR 4 Shoes
113,PUMA,180 Sneakers
114,New Balance,515 Classic Lifestyle Shoes
115,PUMA,All-Day Active Slip-On Sneakers
116,Under Armour,Ignite Select Slides
117,Under Armour,Curry 11 Fire Sneakers
118,Under Armour,Curry 11 Wind Shoes
119,Nike,Quest 5 Shoes
120,,
121,,
122,,
123,New Balance,574 Classic Lifestyle Shoes
124,New Balance,200 Lifestyle Sandals
125,New Balance,574 Classic Lifestyle Shoes
126,PUMA,Leadcat 2.0 Elevate Sandals
127,Under Armour,HOVR Phantom 3 SE Shoes
128,ADIDAS,nmd_r1 shoes
129,Under Armour,Charged Revitalize Shoes
130,New Balance,CT302 Court Lifestyle Shoes
131,Under Armour,Spawn 6 Shoes
132,Under Armour,Men's Ignite 7 Thong Sandals
133,PUMA,Puma Smash 3.0 Logobsession
134,ADIDAS,ozmillen shoes
135,ADIDAS,ozmillen shoes
136,Nike,Dunk Low Retro Sneakers
137,PUMA,Cool Cat 2.0 V Slides
138,Nike,Court Vision Mid Next Nature Shoes
139,ADIDAS,superstar xlg shoes
140,Under Armour,UA Fat Tire Hiking Sandals
141,PUMA,Cool Cat 2.0 V Slide Sandals
142,PUMA,Better Foam Legacy Running Shoes
143,ellesse,Pulito Cupsole Sneakers
144,Under Armour,Charged Escape 4 Knit Running Shoes
145,PUMA,Slipstream Xtreme
146,New Balance,574 Classic Lifestyle Shoes
147,PUMA,Reflect Lite Running Shoes
148,361°,Sports Life Men's Retro Culture Shoes
149,New Balance,574 Classic Lifestyle Shoes
150,Under Armour,Men's HOVR Infinite 5 Running Shoes
151,Nike,Waffle Nav Shoes
152,Under Armour,Men's Ignite Pro Slide Sandals
153,New Balance,373 Classic Lifestyle Shoes
154,Under Armour,Charged Surge 4 Shoes
155,New Balance,515 Classic Lifestyle Shoes
156,Nike,Downshifter 12 Men's Road Running Shoes
157,ellesse,Strada Cupsole Sneakers
158,New Balance,373 Classic Lifestyle Shoes
159,Under Armour,JET '23 Shoes
160,Under Armour,Charged Surge 4 Shoes
161,,
162,,
163,,
164,New Balance,237 Classic Lifestyle Shoes
165,New Balance,200 Lifestyle Slider Sandals
166,Under Armour,Curry 3Z7 Shoes
167,PUMA,Softride Cruise 2 Running Shoes
168,PUMA,Footwear Connect Training Shoes
169,Under Armour,Unisex Fat Tire Venture Pro Shoes
170,New Balance,574 Classic Lifestyle Shoes
171,PUMA,Resolve Modern Running Shoes
172,Nike,Reactx Infinity Run 4 Shoes
173,PUMA,Graviton Trainers
174,PUMA,Flyer Lite Mesh Shoes
175,PUMA,CA Pro Glitch Reflect Shoes
176,PUMA,Epic Flip V2 Logo Power Flip-Flops
177,New Balance,BB80 Lifestyle Shoes
178,Nike,Interact Run Men's Road Running Shoes
179,New Balance,UA900 Lifestyle Shoes
180,Under Armour,Twenty 47 Shoes
181,Under Armour,Charged Impulse 3 Knit Shoes
182,Nike,Victori One Slide Sandals
183,PUMA,Trinity Lite Sneakers
184,PUMA,Puma-180 Perf Sneakers
185,Nike,Offcourt Men's Slide Sandals
186,Under Armour,Charged Assert 10 Shoes
187,Under Armour,SlipSpeed™ Training Shoes
188,Nike,Air Max SYSTM Shoes
189,Nike,Court Vision Low Next Nature Men's Shoes
190,ADIDAS,adilette shower slides
191,Under Armour,Curry 4 Retro Basketball Shoes
192,New Balance,574 Classic Lifestyle Shoes
193,Nike,Court Royale 2 Next Nature Men's Shoes
194,Nike,Court Legacy Shoes
195,Under Armour,Curry 11 Mouthguard Shoes
196,ADIDAS,forum low cl shoes
197,Nike,Structure 25 Men's Road Running Shoes
198,Under Armour,Unisex's Alpha 2.0 Slides
199,PUMA,Suede Brand Love II Sneakers
200,Nike,Court Vision Mid Next Nature
201,Nike,On Deck Flip Flops
202,,
203,,
204,,
205,New Balance,200 Lifestyle Sandals
206,New Balance,200 Sandals
207,Nike,Court Royale 2 Next Nature Shoes
208,PUMA,Popcat 20 Sandals
209,Under Armour,HOVR Phantom 3 SE Storm Shoes
210,PUMA,Softride Archer Sneakers
211,Under Armour,Ignite Select Slides
212,New Balance,574 Classic Lifestyle Shoes
213,Nike,Tanjun Ease Shoes
214,New Balance,327 Classic Lifestyle Shoes
215,Under Armour,Flow Futr X 3 Shoes
216,ADIDAS,adilette aqua slide sandals
217,Nike,Reax 8 TR Men's Workout Shoes
218,Under Armour,Project Rock BSR 3 Training Shoes
219,PUMA,Leadcat 2.0 Sandals
220,New Balance,500 Classic Lifestyle Shoes
221,Under Armour,Charged Speed Swift Shoes
222,Under Armour,Curry 3Z7
223,Nike,Air Force 1 '07
224,PUMA,Slipstream Bball Sneakers
225,Anta,Millennium 5.0 Casual Shoes
226,Under Armour,Ansa Fixed Slides
227,PUMA,Scend Pro Engineered
228,PUMA,Cool Cat 2.0 Logobsession Slides
229,Nike,AIR MAX 90 Sneakers
230,Under Armour,Men's Infinite Pro Breeze Running Shoes
231,PUMA,Cool Cat 2.0 Pop Up Metal Slides
232,PUMA,Divecat V2 Lite Slides
233,Nike,Court Legacy Shoes
234,ADIDAS,gazelle indoor shoes
235,PUMA,[NEW] PUMA PWRFrame TR 2 Training Shoes Men (White)
236,Under Armour,Men's Charged Revitalize Running Shoes
237,Anta,Jelly Running Shoes
238,Under Armour,Men's Mojo 2 Sportstyle Shoes
239,Rip Curl,Icons of Surf Bloom Open Toe Flip Flops
240,PUMA,All Day Active Sneakers
241,PUMA,Cool Cat 2.0 Logobsession Slides
242,Nike,Quest 5 Shoes
243,,
244,,
245,,
246,New Balance,200 Lifestyle Sandals
247,New Balance,237 Classic Lifestyle Shoes
248,PUMA,PUMA Unisex Smash Cat Leather Trainers
249,Anta,Jelly Running Shoes
250,PUMA,Teveris Nitro Sneakers
251,Nike,Run Swift 3 Shoes
252,Under Armour,Charged Breeze 2 Running Shoes
253,ADIDAS,avryn shoes
254,PUMA,Scend Pro Engineered
255,PUMA,Men's Velocity Nitro 2 Running Shoes
256,361°,Men's Performance Running Shoes
257,PUMA,All-Day Active Slip-On Sneakers
258,PUMA,Shibui Cat Sandals
259,Under Armour,Ignite Select Slides
260,Nike,Juniper Trail 2 Men's Trail-Running Shoes
261,Nike,Interact Run Sneakers
262,Nike,Initiator Running Shoes
263,Under Armour,Men's Ignite Pro Graphic Footbed Slide Sandals
264,Under Armour,Ignite Select Graphic Slides
265,ADIDAS,adilette comfort slides
266,Under Armour,Charged Verssert 2 Running Shoes
267,ADIDAS,pureboost 23 shoes
268,PUMA,Hyperdrive Profoam Speed Running Shoes
269,ADIDAS,adilette shower slides
270,PUMA,Bari Casual Retro Academia Sneakers
271,Under Armour,Charged Breeze 2 Running Shoes
272,ADIDAS,galaxy 6 running shoes
273,ADIDAS,adilette comfort slides
274,Under Armour,Jet '23 Sneakers
275,Under Armour,Curry 4 Flotro Shoes
276,PUMA,Creeper Phatty Sneakers
277,Nike,E-Series AD Shoes
278,Nike,Journey Run Men's Road Running Shoes
279,New Balance,237 Classic Lifestyle Shoes
280,New Balance,411 V3 Performance Shoes
281,361°,Men's Performance Running Shoes
282,Nike,Offcourt Adjust Slides
283,Nike,Court Royale 2 Next Nature Sneakers
284,,
285,,
286,,
287,New Balance,574 Classic Lifestyle Shoes
288,New Balance,200 Lifestyle Sandals
289,PUMA,Incinerate Running Shoes
290,Nike,Dunk Low Retro
291,Under Armour,Mercenary Slides
292,New Balance,574 Classic Lifestyle Shoes
293,PUMA,Softride Cruise 2 Running Shoes
294,PUMA,Redeem Profoam Running Shoes
295,Rip Curl,Icons of Surf Bloom Open Toe Flip Flops
296,Under Armour,Curry 4 Low FloTro 'Curry Camp' Basketball Shoes
297,PUMA,Shibui Cat Sandals
298,ADIDAS,adicane slippers
299,361°,Men's Performance Running Shoes
300,PUMA,X-Ray Speed Lite Trainers
301,Under Armour,HOVR Turbulence 2 Running Shoes
302,Under Armour,Men's Velociti 3 Running Shoes
303,PUMA,Suede Fat Lace Sneakers
304,PUMA,Twitch Runner Trail Running Shoes
305,Under Armour,Men's Ignite Pro Graphic Strap Slides
306,Nike,Air Max AP Men's Shoes
307,New Balance,480 Lifestyle Shoes
308,PUMA,Softride Enzo Evo Running Shoes
309,361°,Sports Life Lifestyle Shoes
310,Nike,Nike Court Vision Lo Nn Shoes
311,Under Armour,HOVR Turbulence 2 Running Shoes
312,Nike,Air Max Systm Shoes
313,PUMA,Flyer Flex Running Shoes
314,Under Armour,Charged Escape 4 Shoes
315,Nike,Offcourt Slides
316,Under Armour,Velociti 3 Cooldown Shoes
317,PUMA,Suede Classic XXI Trainers
318,PUMA,Rs-Xk Sneakers
319,New Balance,574 Classic Lifestyle Shoes
320,Under Armour,HOVR Phantom 3 SE Shoes
321,Under Armour,Charged Escape 4 Running Shoes
322,PUMA,Transport Running Shoes
323,PUMA,Leadcat Ftr Comfort Sandals
324,PUMA,Court Ultra 75 Years Sneakers
325,,
326,,
327,,
328,New Balance,200 Lifestyle Slider Sandals
329,New Balance,500 Classic Lifestyle Shoes
330,New Balance,574 Classic Lifestyle Shoes
331,Under Armour,Charged Surge 4 Shoes
332,ADIDAS,galaxy 6 shoes
333,PUMA,Flyer Flex Knit Running Shoes
334,PUMA,PUMA Unisex Smash Cat Leather Trainers
335,361°,Sports Life Men's Skateboarding Shoes
336,PUMA,Scend Pro Running Shoes
337,ADIDAS,pureboost 22 running shoes
338,361°,Sports Life Retro Culture Shoes
339,New Balance,574 Classic Lifestyle Shoes
340,361°,Sports Life Lifestyle Shoes
341,Nike,Victori One Slides
342,Nike,Air Max 90 Shoes
343,Nike,Blazer Low '77 Vintage Basketball Shoes
344,ADIDAS,adilette clog sandals
345,Under Armour,Lockdown 6 Shoes
346,Under Armour,Unisex Flow FUTR X 3 Basketball Shoes
347,361°,Sports Life Men's Lifestyle Shoes
348,PUMA,Leadcat Ylm Lite Sandals
349,Under Armour,Men's Velociti 3 Shoes
350,Under Armour,Men's Charged Revitalize Running Shoes
351,PUMA,PUMA Unisex Popcat 20 Sandals
352,Under Armour,Men's HOVR Turbulence 2 Running Shoes
353,Under Armour,Spawn 6 Shoes
354,New Balance,411 V3 Performance Shoes
355,New Balance,UA900 Lifestyle Shoes
356,ADIDAS,adicane clogs
357,361°,Performance Running Shoes
358,Under Armour,Unisex Mercenary Slide Sandals
359,ADIDAS,adilette aqua slides
360,PUMA,Enzo Sport Running Shoes
361,PUMA,Infusion Training Shoes
362,ADIDAS,avryn shoes
363,ADIDAS,adilette aqua slide sandals
364,PUMA,Sportstyle Core Anzarun Lite Trainers
365,Under Armour,Charged Revitalize Shoes
366,,
367,,
368,,
369,New Balance,200 Lifestyle Sandals
370,New Balance,200 Lifestyle Sandals
371,Under Armour,Summit Fat Tire Sway Slides
372,Under Armour,HOVR Machina 3 Clone Running Shoes
373,Under Armour,Charged Escape 4 Shoes
374,Under Armour,Tribase Reign Vital Shoes
375,ADIDAS,Znchill Lifestyle Running Adizero Boston Sportswear Capsule Collection Shoes
376,PUMA,Shuffle Mid Trainers
377,Rip Curl,Ripper Open Toe Flip Flops
378,Billabong,Shadow Cut Thongs
379,Under Armour,Curry 3Z7 Shoes
380,ADIDAS,rivalry low shoes
381,Nike,Air Zoom TR1 Sneakers
382,Nike,Victori One Slides
383,PUMA,Divecat V2 Lite Slide Sandals
384,361°,Cross Training Healthy Walk Shoes
385,Nike,Air Max SC Men's Shoes
386,Nike,Tanjun
387,ADIDAS,ultrabounce shoes
388,PUMA,Softride Enzo Evo Slip-On Shoes
389,Under Armour,Men's Ignite Pro Thong Sandals
390,New Balance,200 Sandals
391,ADIDAS,ultraboost light shoes
392,361°,Men's Lifestyle Shoes
393,Under Armour,Charged Revitalize Shoes
394,Anta,KT-CAMPUS Basketball Shoes
395,Billabong,Northpoint Thong Flops
396,ADIDAS,stan smith shoes
397,Under Armour,UA Locker IV Slides
398,New Balance,50 Lifestyle Sandals
399,Nike,Journey Run Men's Road Running Shoes
400,Rip Curl,Breakers Bloom Flip Flops
401,361°,Sports Life Men's Retro Culture Shoes
402,Under Armour,HOVR Phantom 3 SE Shoes
403,Under Armour,Mercenary Slides
404,361°,Running Performance Shoes
405,Nike,Air Max Sc Shoes
406,PUMA,All-Day Active Slip-On Sneakers
407,,
408,,
409,,
410,New Balance,237 Classic Lifestyle Shoes
411,New Balance,200 Sandals
412,PUMA,Pwr Nitro Squared Training Shoes
413,Under Armour,Lockdown 6 Shoes
414,Under Armour,Men's Ignite 7 Thong Sandals
415,Nike,Men's Offcourt
416,PUMA,PUMA Unisex Flyer Running Shoes
417,Under Armour,Infinite Pro Shoes
418,PUMA,PUMA Unisex Leadcat Slide Sandals
419,Under Armour,Men's Reign 6 Training Shoes
420,Under Armour,Charged Pursuit 3 Shoes
421,PUMA,Slipstream Bball Mix Shoes
422,Under Armour,UA Charged Engage 2
423,Anta,Millennium Queling Casual Shoes
424,New Balance,574 Classic Lifestyle Shoes
425,361°,Sports Life Men's Retro Culture Shoes
426,Under Armour,UA Surge 3 Shoes
427,New Balance,200 Sandals
428,Nike,Air Max AP Men's Shoes
429,Under Armour,UA Core Pth SL
430,361°,Burning Force Iso Basketball Shoes
431,ADIDAS,adicane clogs
432,Under Armour,Summit Fat Tire Sandals
433,Under Armour,Ignite Select Graphic Slides
434,361°,Running Men's Cushion Shoes
435,361°,Sports Life Men's Retro Culture Shoes
436,Under Armour,UA Lockdown 6 Shoes
437,Under Armour,Curry 11 Champion Mindset Shoes
438,PUMA,Transport Running Shoes
439,Under Armour,UA M Locker Iv Slides
440,Billabong,Tides Flip Flops
441,361°,Running Men's Performance Running Shoes
442,Under Armour,Surge 3 Shoes
443,New Balance,200 Lifestyle Sandals
444,PUMA,Smash 3.0 L Sneakers
445,Nike,Court Legacy Canvas Sneakers
446,361°,Burning Force Iso Basketball Shoes
447,Nike,Victori One Sandals
448,,
449,,
450,,
451,New Balance,237 Classic Lifestyle Shoes
452,New Balance,200 Lifestyle Slider Sandals
453,PUMA,Smash v2 Leather Trainers
454,Nike,Victori One Slide Sandals
455,ADIDAS,adilette comfort slides
456,ADIDAS,gazelle shoes
457,Under Armour,Curry 11 'Girl Dad' Basketball Shoes
458,361°,Men's Basketball Shoes
459,PUMA,PWRFRAME Outdoor Camo Men's Training Shoes
460,Nike,Motiva Men's Walking Shoes
461,ADIDAS,znsored shoes
462,Nike,Waffle Debut Shoes
463,PUMA,Transport Modern Better Running Shoes
464,ADIDAS,znchill lifestyle running adizero boston sportswear capsule collection running shoes
465,ADIDAS,adilette comfort slides
466,Nike,Tanjun Men's Shoes
467,Under Armour,Fat Tire Hiking Sandals
468,Billabong,All Day Impact Slip-On Sandals
469,ADIDAS,adilette shower slides
470,Anta,Millennium 5.0 Casual Shoes
471,Under Armour,Men's Locker IV Slide Sandals
472,Nike,Air Zoom Structure 25 Shoes
473,PUMA,Rs-X 3D Sneakers
474,Rip Curl,Icons of Surf Bloom Open Toe Flip Flops
475,361°,Sports Life Men's Lifestyle Shoes
476,ADIDAS,adilette shower slides
477,ADIDAS,adilette comfort slide sandals
478,PUMA,Cool Cat 2.0 V Fs Slides
479,Under Armour,Rock 3 Slides
480,Under Armour,Men's Surge 4 Running Shoes
481,PUMA,Suede Classic Xxi Trainers
482,PUMA,Slipstream Xtreme
483,New Balance,200 Lifestyle Sandals
484,ADIDAS,forum mod low shoes
485,361°,Men's Performance Running Shoes
486,Under Armour,Spawn 6 UAA Basketball Shoes
487,ADIDAS,adilette clog sandals
488,PUMA,Resolve Modern Weave Running Shoes
489,,
490,,
491,,
492,New Balance,574 Classic Lifestyle Shoes
493,New Balance,200 Lifestyle Sandals
494,Under Armour,Spawn 6 MM Basketball Shoes
495,ADIDAS,superstar xlg shoes
496,Under Armour,Magnetico Select 3 FG Soccer Cleats Shoes
497,Nike,Nike Defyallday
498,Nike,Air Max Solo Shoes
499,PUMA,Redeem Profoam Running Shoes
500,Under Armour,Men's Locker Camo Slide Sandals
501,PUMA,Slipstream Soph Sneakers
502,PUMA,Leadcat Slide Sandals Adults Unisex Undefined Swimming/Beach
503,New Balance,530 Lifestyle Shoes
504,Under Armour,Curry 1 Retro Basketball Shoes
505,PUMA,Popcat 20 Sandals
506,PUMA,Slipstream Xtreme Leather Shoes
507,361°,Men's Lifestyle Shoes
508,361°,Sports Life Men's Skateboarding Shoes
509,361°,Sports Lifestyle Shoes
510,Anta,Mount Tai Cross-Training Shoes
511,Rip Curl,Flow Camo Bloom Flip Flops
512,New Balance,50 Lifestyle Sandals
513,PUMA,Caven Logo Power Sneakers
514,Under Armour,UA Charged Commit 3 Shoes
515,Under Armour,Charged Impulse 3 Knit Shoes
516,PUMA,Slipstream Lo Retro Men's Sneakers
517,New Balance,430 V3 Performance Shoes
518,Under Armour,Ignite Pro EIS Slides
519,PUMA,PUMA Unisex Popcat Sports Sandals
520,Nike,MC Trainer 2 Shoes
521,Under Armour,Curry 4 Low FloTro Bruce Lee 'Dark Water' Basketball Shoes
522,Nike,Legend Essential 3 Shoes
523,Under Armour,HOVR Turbulence 2 Shoes
524,PUMA,Ferrari Drift Cat Delta Rosso Corsa-Puma
525,PUMA,Graviton Pro L Trainers
526,PUMA,Redeem Profoam Running Shoes
527,ADIDAS,adilette zplaash slide sandals
528,ADIDAS,avryn shoes
529,PUMA,Suede Icons Of Unity 2 Shoes
530,,
531,,
532,,
533,New Balance,373 Classic Lifestyle Shoes
534,New Balance,200 Sandals
535,ellesse,Nole Cupsole Sneakers
536,Nike,Men's Court Vision Low Next Nature Sneakers
537,PUMA,PUMA Unisex Smash Cat Leather Trainers
538,Under Armour,Flow FUTR X 3
539,New Balance,515 Classic Lifestyle Shoes
540,PUMA,Incinerate
541,Under Armour,Grade School Project Rock 6 Training Shoes
542,PUMA,Rebound V6 Low 75 Years
543,PUMA,PUMA Unisex Flyer Running Shoes
544,Billabong,Fluid Pro Thong Flip Flops
545,PUMA,Amare Fresh Running Shoes
546,361°,Sports Life Retro Culture Shoes
547,Under Armour,Men's Ansa Graphic Slide Sandals
548,Nike,Motiva Men's Walking Shoes
549,ADIDAS,ozweego meta shoes
550,Under Armour,Curry HOVR Splash 3 Shoes
551,New Balance,Fresh Foam MRSHN Slide Sandals
552,Under Armour,Ansa Graphic Logo Slides
553,PUMA,RHUIGI Clyde x PUMA Sneakers
554,Under Armour,Ignite Select Slides
555,PUMA,Royalcat Comfort Sandals
556,361°,Sports Life Men's Retro Culture Shoes
557,361°,Sports Life Skateboarding Shoes
558,PUMA,Rs-X 3D Sneakers
559,Nike,Winflo 11 Men's Road Running Shoes
560,PUMA,Rickie Perforated Sneakers
561,Nike,Victori One Slides
562,Under Armour,Project Rock BSR 4 Shoes
563,PUMA,Rs-X Efekt Lux Sneakers
564,PUMA,Suede Icons Of Unity Sneakers
565,PUMA,Rs-X Forward History Sneakers
566,Under Armour,UA Mojo 2
567,361°,Men's Cushioned Running Shoes
568,PUMA,Incinerate Running Shoes
569,PUMA,Rs-Xk Sneakers
570,New Balance,480 Lifestyle Shoes
571,,
572,,
573,,
574,New Balance,480 Lifestyle Shoes
575,New Balance,373 Classic Lifestyle Shoes
576,New Balance,411 V3 Performance Shoes
577,PUMA,Teveris Nitro Sneakers
578,PUMA,Leadcat Slide Sandals Adults Unisex Undefined Swimming/Beach
579,PUMA,Divecat V2 Lite Slides
580,ADIDAS,superstar xlg shoes
581,PUMA,Puma-180 Corduroy Sneakers
582,PUMA,PUMA Unisex Smash Leather Trainers
583,ADIDAS,Court Tourino Shoes
584,Under Armour,Rogue 4 Running Shoes
585,Under Armour,Curry Spawn Flotro Shoes
586,Nike,Winflo 10 Shoes
587,New Balance,50 Lifestyle Sandals
588,Nike,Full Force Low Men's Shoes
589,New Balance,200 Lifestyle Slider Sandals
590,ADIDAS,stan smith shoes
591,New Balance,550 Lifestyle Shoes
592,Nike,Air Force 1 '07 Men's Shoes
593,PUMA,Resolve Modern Running Shoes
594,New Balance,574 Classic Lifestyle Shoes
595,Nike,MC Trainer 2 Shoes
596,Nike,Winflo 11 Shoes
597,ADIDAS,adilette slides
598,Under Armour,Flow Futr X 3 Shoes
599,New Balance,50 Lifestyle Sandals
600,Nike,Tanjun EasyOn Men's Shoes
601,ADIDAS,superstar xlg shoes
602,PUMA,TRC Blaze RE:Collection Sneakers
603,ADIDAS,zplaash slides
604,ADIDAS,response super shoes
605,Nike,Tanjun Men's Shoes
606,ADIDAS,eq21 run running shoes
607,Nike,Air Max 90 Men's Shoes
608,PUMA,NRGY Comet Running Shoes
609,New Balance,574 Classic Lifestyle Shoes
610,Nike,Dunk Low Retro Sneakers
611,New Balance,574 Classic Lifestyle Shoes
612,,
613,,
614,,
615,New Balance,200 Lifestyle Slider Sandals
616,New Balance,237 Classic Lifestyle Shoes
617,PUMA,All Day Active Sneakers
618,Nike,Victori One Slides
619,ADIDAS,stan smith shoes
620,Nike,Offcourt EasyOn Men's Slide Sandals
621,Under Armour,Surge 3 Shoes
622,PUMA,Ferrari Drift Cat Delta Puma Black-Puma
623,ADIDAS,ultraboost light shoes
624,New Balance,200 Lifestyle Sandals
625,ADIDAS,adilette shower slides
626,Under Armour,Magnetico Select 3 FG Soccer Cleats Shoes
627,New Balance,574 Classic Lifestyle Shoes
628,ADIDAS,retropy e5 shoes
629,New Balance,574 Classic Lifestyle Shoes
630,New Balance,480 Lifestyle Shoes
631,Under Armour,Unisex Mercenary Slides
632,Under Armour,Curry 4 Low Flotro Shoes
633,Under Armour,Twenty47 Shoes
634,PUMA,Popcat 20 Injex Slide Sandals
635,Nike,Air Max Solo Sneakers
636,Under Armour,Curry HOVR Splash 3 Shoes
637,Under Armour,UA M Locker Iv Slides
638,Under Armour,Locker Camo Slides
639,Nike,Air Max AP Men's Shoes
640,PUMA,Royalcat Comfort Sandals
641,ADIDAS,Alphaboost Utility Shoes
642,Under Armour,Jet '23 Sneakers
643,Hummel,Retro Pool Slides
644,New Balance,200 Lifestyle Sandals
645,PUMA,Electrify Nitro 3 Knit Running Shoes
646,PUMA,Slipstream Lo Retro Sneakers
647,Nike,Men's Offcourt Slides
648,ADIDAS,forum mod low shoes
649,Under Armour,Flow Futr X 3 L3 Shoes
650,Nike,Renew Ride 3 Shoes
651,Under Armour,HOVR Sonic 6 Shoes
652,Nike,Nike Court Vision Lo Nn
653,,
654,,
655,,
656,New Balance,530 Lifestyle Shoes
657,New Balance,550 Lifestyle Shoes
658,ADIDAS,superstar xlg shoes
659,Nike,Nike Court Vision Lo Nn
660,Nike,Flex Experience Run 12 Shoes
661,361°,Life Men's Skateboarding Shoes
662,PUMA,Softride Enzo Evo Slip-On Shoes
663,361°,Printed Basketball Shoes
664,361°,Sports Lifestyle Men's Retro Culture Shoes
665,361°,Men's Skateboarding Shoes
666,Nike,Flex Experience Run 11 Next Nature Shoes
667,Under Armour,Charged Commit TR 4 Shoes
668,Anta,AT954 Running Shoes
669,361°,Performance Running Shoes
670,Billabong,Tides Flip Flops
671,Under Armour,HOVR Mega 2 Movement Shoes
672,PUMA,Redeem Profoam Engineered Running Shoes
673,Under Armour,Curry 1 Low Flotro Lux Shoes
674,Under Armour,HOVR Intake 6 Shoes
675,PUMA,RBD Game Low Sneakers
676,PUMA,R22 Trainers
677,Nike,React Infinity Run 4 PRM Shoes
678,Billabong,Faded Thong Flip Flops
679,Under Armour,Velociti 3 Cooldown Shoes
680,PUMA,Trinity Lite Sneakers
681,PUMA,Rbd Game Low Sneakers
682,361°,Life Skateboarding Shoes
683,Billabong,Sergio Thong Sandals
684,Under Armour,Men's Charged Pursuit 3 Running Shoes
685,PUMA,Leadcat 2.0 Elevate Sandals
686,361°,Performance Running Shoes
687,361°,Running Men's Performance Shoes
688,361°,Performance Running Shoes
689,PUMA,Suede Layers Mono Sneakers
690,Under Armour,Infinite Pro Shoes
691,Under Armour,Infinite Pro Shoes
692,361°,Cushion Running Shoes
693,Under Armour,Flow Dynamic Shoes
694,,
695,,
696,,
697,New Balance,200 Sandals
698,New Balance,237 Classic Lifestyle Shoes
699,361°,Running Cushion Shoes
700,Under Armour,HOVR Sonic 6 Shoes
701,361°,Sports Life Men's Retro Culture Shoes
702,Under Armour,Ignite Select Slides
703,361°,Sports Lifestyle Men's Skateboarding Shoes
704,PUMA,Resolve Modern Running Shoes
705,PUMA,Divecat V2 Lite Slides
706,ADIDAS,adilette comfort adjustable bandage slides
707,PUMA,Leadcat 2.0 Elevate Sandals
708,361°,Sports Life Men's Retro Culture Shoes
709,361°,Sports Life Men's Skateboarding Shoes
710,Under Armour,Charged Edge Shoes
711,361°,Sports Life Men's Skateboarding Shoes
712,PUMA,PUMA x FIRST MILE Electrify NITRO 3 Men's Running Shoes
713,361°,Sports Life Men's Lifestyle Sneakers
714,PUMA,Resolve Modern Weave Shoes
715,361°,Sports Life Skateboarding Shoes
716,361°,Sports Life Men's Skateboarding Shoes
717,Under Armour,Charged Breeze 2 Running Shoes
718,New Balance,200 Lifestyle Slider Sandals
719,361°,Sports Men's Lifestyle Shoes
720,361°,Sports Life Lifestyle Shoes
721,361°,Sports Life Retro Culture Shoes
722,361°,Sports Life Retro Culture Shoes
723,361°,Sports Life Men's Lifestyle Shoes
724,361°,Performance Running Shoes
725,361°,Sports Life Men's Skateboarding Shoes
726,Rip Curl,SWC Bloom Flip Flops
727,Under Armour,Men's Charged Impulse 3 Knit Running Shoes
728,Under Armour,Men's Commit 4 Training Shoes
729,361°,Sports Life Retro Culture Shoes
730,Rip Curl,Icons of Surf Bloom Open Toe Flip Flops
731,Under Armour,UA U Rock 3 Slides
732,361°,Sports Life Men's Skateboarding Shoes
733,PUMA,Pacer Future Wip Better Shoes
734,361°,Running Men's Cushion Shoes
735,,
736,,
737,,
738,New Balance,237 Classic Lifestyle Shoes
739,New Balance,480 Lifestyle Shoes
740,New Balance,574 Classic Lifestyle Shoes
741,PUMA,Softride Men's Slides
742,361°,Sports Life Women's Skateboarding Shoes
743,361°,Sports Life Men's Skateboarding Shoes
744,Under Armour,Men's HOVR Intake 6 Running Shoes
745,361°,Sports Life Men's Skateboarding Shoes
746,361°,Sports Life Men's Skateboarding Shoes
747,361°,Sports Life Retro Culture Shoes
748,361°,Sports Life Men's Skateboarding Shoes
749,Anta,G21 LITE Running Shoes
750,361°,Sports Life Skateboarding Shoes
751,361°,Performance Running Shoes
752,361°,Running Cushioning Shoes
753,Under Armour,Project Rock BSR 4 Shoes
754,361°,Sports Life Lifestyle Shoes
755,361°,Men's Performance Running Shoes
756,PUMA,Leadcat 2.0 Sandals
757,Rip Curl,SWC Bloom Flip Flops
758,PUMA,Popcat 20 Sandals
759,PUMA,Popcat 20 Slides
760,361°,Sports Life Men's Skateboarding Shoes
761,361°,Sports Life Men's Skateboarding Sneakers
762,361°,Sports Life Men's Retro Culture Shoes
763,361°,Sports Life Men's Skateboarding Shoes
764,PUMA,Twitch Runner Trail Running Shoes
765,361°,Sports Life Men's Skateboarding Shoes
766,361°,Sports Life Men's Lifestyle
767,Rip Curl,Breakers Bloom Flip Flops
768,Under Armour,UA U Rock 3 Slides
769,Under Armour,Charged Commit TR 4 Shoes
770,361°,Sports Life Lifestyle Shoes
771,PUMA,TRC Blaze Tech Sneakers
772,PUMA,Plexus Tasteless Tastemaker Sneakers
773,Under Armour,Magnetico Select 3 FG Soccer Cleats Shoes
774,PUMA,Plexus Sneakers
775,PUMA,Leadcat 2.0 Elevate Sandals
776,,
777,,
778,,
779,,
780,,
781,,
782,New Balance,574 Classic Lifestyle Shoes
783,New Balance,200 Lifestyle Sandals
784,PUMA,Aviator Profoam Sky Bright Running Shoes
785,PUMA,Twitch Runner Running Shoes
786,Rip Curl,Tunnels Open Toe Thong Flip Flops
787,PUMA,Divecat v2 Sandals
788,PUMA,All Day Active Sneakers
789,PUMA,All Day Active Sneakers
790,PUMA,Rider Fv Sneakers
791,Under Armour,Unisex TWENTY47 Basketball Shoes
792,PUMA,Rider Fv Sneakers
793,PUMA,RS-X 40th Anniversary Sneakers
794,361°,Basketball Men's Fashion Shoes
795,Under Armour,Mercenary Slides
796,361°,Printed Basketball Shoes
797,PUMA,RHUIGI Clyde x PUMA Sneakers
798,PUMA,Twitch Runner Fresh Running Shoes
799,PUMA,Popcat 20 Chalk Pink-Puma Team Gold
800,PUMA,R22 Trainers
801,361°,Sports Life Men's Skateboarding Shoes
802,PUMA,All Day Active Sneakers
803,PUMA,180 Sneakers
804,PUMA,Slipstream Leather Sneakers
805,Under Armour,Men's HOVR Phantom 3 SE Running Shoes
806,PUMA,Twitch Runner Fresh Running Shoes
807,Under Armour,Unisex Ignite Select Weld Slide Sandals
808,PUMA,Disperse Xt 3 Training Shoes
809,Under Armour,Grade School Project Rock BSR 3 Training Shoes
810,Under Armour,Ignite Select CORK Slides
811,PUMA,Popcat 20 Injex Slide Sandals
812,Under Armour,Unisex Summit FT Sway Slides
813,PUMA,Leadcat 2.0 Elevate Sandals
814,PUMA,Epic Flip V2 Flip Flops
815,PUMA,Leadcat YLM Lite Sandals
816,Under Armour,Curry Splash 24 Ap Shoes
817,PUMA,Resolve Modern Weave Running Shoes
818,PUMA,Redeem Profoam Running Shoes
819,PUMA,Resolve Modern Running Shoes
820,,
821,,
822,,
823,New Balance,200 Lifestyle Sandals
824,New Balance,515 Classic Lifestyle Shoes
825,Nike,Renew Run 4 Shoes
826,Under Armour,UA Charged Pursuit 3 Shoes
827,PUMA,Porsche Legacy Leadcat 2.0 Sandals
828,PUMA,Royalcat Comfort Sandals
829,ADIDAS,adilette comfort slides
830,PUMA,Leadcat 2.0 Sandals
831,ADIDAS,superstar shoes
832,New Balance,200 Lifestyle Sandals
833,PUMA,Epic Flip V2 Logo Power Flip-Flops
834,PUMA,Epic Flip v2 Sandals
835,ADIDAS,superstar xlg shoes
836,ADIDAS,adicane slide sandals
837,PUMA,Puma Club 5V5 Retro Academia
838,New Balance,500 Classic Lifestyle Shoes
839,PUMA,Teveris Nitro Space Explorer Sneakers
840,VANS,Core Classic SK8-Hi Sneakers
841,PUMA,Leadcat 2.0 V Slides
842,ADIDAS,superstar shoes
843,Nike,Court Vision Mid Next Nature Shoes
844,PUMA,Shibui Cat Sandals
845,PUMA,Divecat V2 Lite Slides
846,PUMA,Flyer Flex Running Shoes
847,ADIDAS,adilette comfort sandals
848,PUMA,Cool Cat 2.0 Slides
849,Under Armour,Lockdown 6 Shoes
850,Nike,Air Max SC Shoes
851,New Balance,200 Lifestyle Sandals
852,Under Armour,UA Core Pth SL
853,ADIDAS,adicane clogs
854,ADIDAS,pureboost 22 running shoes
855,Under Armour,Unisex Ansa Elevate Slide Sandals
856,ADIDAS,superstar shoes
857,Under Armour,UA Core Pth Slides
858,ADIDAS,adifom supernova shoes
859,PUMA,Rbd Game Low Shoes
860,Under Armour,HOVR Phantom 3 SE Storm Shoes
861,,
862,,
863,,
864,New Balance,50 Lifestyle Sandals
865,New Balance,237 Classic Lifestyle Shoes
866,Nike,Winflo 10 Shoes
867,Under Armour,Spawn 5 Iridescent Basketball Shoes
868,Nike,Air Force 1 '07 Shoes
869,PUMA,Divecat V2 Lite Slide Sandals
870,PUMA,Leadcat 2.0 Sandals
871,PUMA,Shuffle Trainers
872,PUMA,Pressing Iv Futsal Shoes
873,PUMA,Redeem Profoam Running Shoes
874,PUMA,[NEW] PUMA ULTRA PLAY IT Men's Football Boots (Black)
875,PUMA,Flexfocus Lite
876,PUMA,Puma Shuffle Men'S Sneakers
877,Hummel,Match Point Sneakers
878,PUMA,Scend Pro Engineered Running Shoes
879,PUMA,Puma Shuffle Men'S Sneakers
880,PUMA,Shuffle Trainers
881,PUMA,Bmw Mms Leadcat 2.0 Graphic
882,PUMA,Puma-180 Staple
883,FILA,FILA CORE Man Fashion ORIGINALE Sandals
884,PUMA,Teveris Nitro Vortex
885,ADIDAS,Ultraboost Light Shoes
886,FILA,FILA CORE Man Fashion ORIGINALE Sandals
887,PUMA,[NEW] PUMA ULTRA PLAY IT Men's Soccer Cleats (White)
888,PUMA,Flyer Lite Running Shoes
889,PUMA,Flyer Lite Mesh Shoes
890,PUMA,Teveris Nitro Vortex Shoes
891,PUMA,Twitch Runner Trail Running Shoes
892,ADIDAS,superstar
893,PUMA,Fusion Fx Tech Men'S Golf Shoes
894,PUMA,Club Trainers
895,PUMA,Explore Nitro Mid Hiking Shoes Men
896,PUMA,Army Trainer Sneakers
897,PUMA,Slipstream Bball Sneakers
898,ADIDAS,ultrabounce men's running shoes
899,PUMA,Bmw Mms Leadcat 2.0 Graphic
900,PUMA,[NEW] PUMA Unisex Mercedes-AMG PETRONAS IONICspeed Driving Shoes (Black)
901,Hummel,Aeroteam III Shoes
902,,
903,,
904,,
905,New Balance,237 Classic Lifestyle Shoes
906,New Balance,200 Lifestyle Sandals
907,ADIDAS,alphaboost v1 shoes
908,PUMA,Reflect Lite Running Shoes
909,PUMA,[NEW] PUMA ATTACANTO IT Men's Soccer Cleats (Black)
910,PUMA,[NEW] PUMA Unisex Shuffle Perforated Sneakers (White)
911,PUMA,Smash 3.0 L Sneakers
912,Hummel,Chevron Sport Flip Flops
913,PUMA,Better Foam Legacy Running Shoes
914,PUMA,Palermo
915,PUMA,Suede Xl
916,PUMA,Resolve Modern Running Shoes
917,Hummel,Monaco 86 Ns Shoes
918,Hummel,Tatum Seamless Sneakers
919,PUMA,Reflect Lite Shoes
920,Lacoste,Men's AG-LT23 Ultra Textile Tennis Shoes
921,PUMA,Ca Pro Suede Sneakers
922,FILA,FILA FUSION Man Fusion Street Sports SW Skate Shoes
923,Lacoste,Men's Lacoste L001 Eco Leather Trainers
924,ADIDAS,ultraboost light running shoes
925,PUMA,Fast-R Nitro Elite 2 Psyrush
926,PUMA,Fuse 2.0 Training Shoes
927,Hummel,Match Point Sneakers
928,PUMA,Suede Classic XXI Trainers
929,Hummel,Aeroteam III Sneakers
930,PUMA,Suede Xl
931,ADIDAS,adicane slides
932,PUMA,Wave Flip Sandals
933,PUMA,Deviate Nitro 2 Men'S Running Shoes
934,Lacoste,Men's Chaymon Textile and Synthetic Trainers
935,PUMA,Ca Pro Fandom Sneakers
936,PUMA,Rs-X Playstation
937,PUMA,Velocity Nitro 2
938,PUMA,Suede Classic XXI Trainers
939,PUMA,Scoot 1
940,PUMA,Mercedes-Amg Petronas Formula 1 Drift Cat Decima Motorsport Shoes
941,PUMA,Redeem Profoam Running Shoes
942,ADIDAS,fluidflow 2.0 shoes
943,,
944,,
945,,
946,New Balance,237 Classic Lifestyle Shoes
947,New Balance,50 Lifestyle Sandals
948,PUMA,Backstrap Sandals
949,PUMA,Suede Playstation
950,PUMA,Porsche Legacy Metal Energy Speedcat Driving Shoes_PUMA
951,PUMA,Puma Shuffle Men'S Sneakers
952,PUMA,Redeem Profoam Running Shoes
953,PUMA,Transport Running Shoes
954,PUMA,Grip Fusion Flex
955,PUMA,Redeem Pro Racer Shoes
956,PUMA,Redeem Profoam Engineered
957,PUMA,Mapf1 Kart Cat Nitro™
958,PUMA,[NEW] PUMA Unisex TRUCO III Football Boots (Black)
959,PUMA,Redeem Profoam Engineered Running Shoes
960,Craft,NORDLITE SPEED M 2 WHITE-BLACK  1913376-900999
961,ADIDAS,adilette comfort adjustable bandage slides
962,Craft,CTM ULTRA 3 M ASH WHITE-SHOCK  1913384-895825
963,PUMA,Future 7 Ultimate Firm Ground/Arificial Ground Men'S Soccer Cleats
964,Craft,NORDLITE SPEED M WHITE-MULTI  1913376-900007
965,PUMA,Voyage Nitro 3 Men'S Running Shoes
966,Craft,CTM ULTRA 3 M BLACK-HEAT  1913384-999569
967,PUMA,Foreverrun Nitro Psyrush
968,Craft,ADV NORDIC SPEED 2 M GHOST-RAY  1912177-918355
969,PUMA,Fusion Pro
970,PUMA,Alphacat Nitro
971,PUMA,Velophasis Always On
972,PUMA,Roma Classics Sneakers Men
973,PUMA,Aviator Profoam Sky Running Shoes
974,PUMA,PWRFrame TR Training Shoes
975,PUMA,Pwr Nitro Squared Men'S Training Shoes
976,PUMA,Scend Pro Running Shoes
977,PUMA,Velocity Nitro 3 Psyrush
978,PUMA,Scend Pro Running Shoes
979,Hummel,Aeroteam III Shoes
980,PUMA,Caven Tape Sneakers
981,PUMA,Caven Trainers
982,PUMA,Rbd Game Low Sneakers
983,Craft,PRO ENDUR DISTANCE M N LIGHT-BLAZE 1912183-503396
984,,
985,,
986,,
987,New Balance,200 Lifestyle Sandals
988,New Balance,50 Lifestyle Sandals
989,PUMA,Ca Pro Classic Trainers
990,PUMA,Future 7 Match It
991,ADIDAS,samba og
992,PUMA,Trc Blaze Fandom Sneakers
993,PUMA,Rbd Game Sneakers
994,PUMA,Disperse Xt 3 Training Shoes
995,ADIDAS,ultraboost light running shoes
996,Craft,NORDLITE ULTRA M BLACK  1913378-999000
997,PUMA,Flyer Lite
998,ADIDAS,forum low classic shoes
999,PUMA,Slipstream Lo Shroom Sneakers
1000,PUMA,Wave Mule
1001,PUMA,Rs-X Games Sneakers
1002,PUMA,Fusion Grip
1003,PUMA,Anzarun Lite Trainers
1004,PUMA,Slipstream Leather Sneakers
1005,PUMA,Liberate Nitro 2 Men'S Running Shoes
1006,PUMA,Clyde Service Line
1007,ADIDAS,Avryn Shoes
1008,PUMA,Roma 24 Standard
1009,Camper,CAMPER Men Sneaker /RUNNER FOUR /brown-K100227-014
1010,PUMA,Pwr Nitro Squared Neo Force
1011,PUMA,[NEW] PUMA Unisex Shuffle Perforated Sneakers (Gray)
1012,Craft,V150 ENGINEERED M BLACK/WHITE  1908265-999900
1013,PUMA,Velophasis Always On
1014,PUMA,Redeem Pro Trail
1015,PUMA,Future 7 Match It
1016,PUMA,Popcat 20 Regency Romance Slides
1017,PUMA,Scend Pro Engineered Running Shoes
1018,PUMA,Rs-X Efekt Premium Sneakers
1019,PUMA,Trinity Lite
1020,PUMA,Puma Morphic Men'S Sneakers
1021,PUMA,Ca Pro Ow Sneakers
1022,Hummel,Comfort Flip Flops
1023,PUMA,NRGY Comet Running Shoes
1024,PUMA,Rs-X Efekt Indigo Sneakers
1025,,
1026,,
1027,,
1028,New Balance,200 Lifestyle Sandals
1029,New Balance,200 Lifestyle Sandals
1030,ADIDAS,Grand Court 2.0 Shoes
1031,PUMA,Rbd Game Tape Low Sneakers
1032,Camper,CAMPER Men Basket /PEU CAMI /black-17665-217
1033,Craft,CRAFT ADV Nordic Trail M 1912177-664371
1034,Camper,CAMPER Men Basket /BEETLE /brown-18751-049
1035,PUMA,Velophasis Bliss
1036,ADIDAS,ZG BOOST Shoes
1037,Camper,CAMPER Men Sneaker /RUNNER K21 /white-K100874-010
1038,PUMA,Puma Run/Train Flyer Runner
1039,PUMA,Caven Trainers
1040,ADIDAS,ultraboost 1.0 men's running shoes
1041,PUMA,Army Trainer Sneakers
1042,PUMA,Ca Pro Ripple Earth
1043,PUMA,Bmw M Motorsport Rdg Cat 2.0 Sneakers
1044,PUMA,PUMA-180 Sneakers
1045,Camper,CAMPER Men Basket /PEU CAMI /beige-K100878-003
1046,Camper,CAMPER Men Basket /PEU STADIUM /grey-K100892-001
1047,Hummel,Baseline Shoes
1048,PUMA,Anzarun Lite Slipon
1049,PUMA,Reflect Lite Running Shoes
1050,PUMA,Mapf1 Kart Cat Nitro™
1051,PUMA,Skyrocket Lite Alt
1052,Camper,CAMPER Men Basket /PEU CAMI /brown-17665-011
1053,Hummel,Baseline Sneakers
1054,PUMA,Wave Flip
1055,PUMA,COMET 2 ALT Beta Running Shoes
1056,Camper,CAMPER Men Basket /PEU STADIUM /white-K100742-011
1057,PUMA,Foreverrun Nitro Running Shoes
1058,ADIDAS,lite racer 3.0 running shoes
1059,Hummel,Teiwaz III Shoes
1060,PUMA,Fuse 2.0 Men'S Training Shoes
1061,PUMA,Flyer Lite Shoes
1062,PUMA,Teveris Nitro Metallic Sneakers
1063,PUMA,Basket Classic Xxi Muted
1064,ADIDAS,ultraboost light running shoes
1065,ADIDAS,X_PLRBOOST Shoes
1066,,
1067,,
1068,,
1069,New Balance,237 Classic Lifestyle Shoes
1070,New Balance,530 Lifestyle Shoes
1071,PUMA,Teveris NITRO Pastel Sneakers
1072,TROPICFEEL,Tropicfeel Canyon Shoes (Space Navy) - EU 43
1073,Camper,CAMPER Men Basket /PEU CAMI /beige-17665-259
1074,ADIDAS,Planet Z Alpha Prime Green Boost Lifestyle Running Shoes
1075,ADIDAS,X_PLRBOOST Shoes
1076,Camper,CAMPER Men Sneaker /PEU RAMBLA VULCANIZADO /green-18869-101
1077,PUMA,Pwrframe Tr 2 Training Shoes
1078,Camper,CAMPER Men Sneaker /TWS /grey-K100743-026
1079,PUMA,Scend Pro Running Shoes
1080,PUMA,Teveris Nitro Pastel Shoes
1081,Camper,CAMPER Men Lace Up Shoe /WALDEN /black-K100860-001
1082,PUMA,Suede Beavis & Butthead
1083,PUMA,Wave Mule
1084,TROPICFEEL,Tropicfeel Canyon Shoes (Asphalt Grey) - EU 42
1085,Camper,CAMPER  Men  Oxford /PELOTAS ARIEL /brown-16002-282
1086,Craft,CRAFT PRO Endur Distance M 1912183-995914
1087,PUMA,Leadcat 2.0 Cut Out
1088,PUMA,Bmw M Motorsport Rdg Cat 2.0 Sneakers
1089,PUMA,Basket Classic XXI Trainers
1090,PUMA,Suede The Smurfs Shoes
1091,ADIDAS,adicane slides
1092,Camper,CAMPER Men Sneaker /RUNNER K21 /black-K100806-003
1093,Camper,CAMPER Men Sneaker /PEU TOURING /black-K100479-011
1094,Camper,CAMPER Men Sneaker /PEU RAMBLA VULCANIZADO /blue-18869-100
1095,Camper,CAMPER Men Sneaker /DRIFT TRAIL /green-K100864-011
1096,PUMA,Electrify Nitro 3 Knit Running Shoes
1097,Craft,CRAFT PRO Endur Distance M 1912183-663573
1098,Camper,CAMPER  Men  Sneaker /DRIFT TRAIL /multi-K100864-005
1099,PUMA,Rs-X Reinvention Trainers
1100,PUMA,Turino Fsl Trainers
1101,PUMA,Scend Pro Running Shoes
1102,PUMA,Softride Enzo Evo Hyperwave
1103,Camper,CAMPER Men Sneaker /TWS /grey-K100855-003
1104,PUMA,Fusion Fx Tech Men'S Golf Shoes
1105,Camper,CAMPER  Men  Basket /GROUND /green-K100830-006
1106,PUMA,[NEW] PUMA Unisex Mercedes-AMG PETRONAS IONICspeed Driving Shoes (White)
1107,,
1108,,
1109,,
1110,New Balance,500 Classic Lifestyle Shoes
1111,New Balance,50 Lifestyle Sandals
1112,ADIDAS,4DFWD x Parley Shoes
1113,PUMA,Rs-X Games Sneakers
1114,FILA,FILA CORE Man Fashion ORIGINALE Heritage Sneakers
1115,PUMA,Rs-Simul8 Reality Sneakers
1116,PUMA,Flyer Lite Running Shoes
1117,Craft,CRAFT CTM Ultra 2 M 1912181-895350
1118,PUMA,[NEW] PUMA FUTURE PLAY IT Men's Football Boots (White)
1119,ADIDAS,Run 60s 3.0 Shoes
1120,PUMA,Caven 2.0 75 Years Sneakers
1121,ADIDAS,ultrabounce men's running shoes
1122,PUMA,Pwr Nitro Squared Training Shoes
1123,PUMA,Shibui Mule
1124,PUMA,Scuderia Ferrari Kart Cat Rl Nitro Motorsport Sneakers
1125,Camper,CAMPER  Men  Basket bootie /BEETLE /black-36678-077
1126,Craft,Craft CTM CARBON RACE REBEL M 1911536-914926
1127,ADIDAS,ZNCHILL Sustainable Lifestyle Running Adizero Boston Sportswear Capsule Collection Shoes
1128,PUMA,Suede Xl
1129,PUMA,Teveris Nitro Metallic Sneakers
1130,TROPICFEEL,Tropicfeel Dune Shoes (Silver White) - EU 41
1131,PUMA,Puma X 2K Scoot Zeros Men'S Basketball Shoes
1132,Craft,Craft IX HIT TRAINER M 1912659-396362
1133,PUMA,Magnify Nitro 2 Running Shoes
1134,Camper,CAMPER  Men  Basket /PEU CAMI /brown-17665-250
1135,Camper,CAMPER Men Sneaker /TWS /grey-K100855-004
1136,PUMA,Leadcat 2.0 Sandals
1137,Camper,CAMPER  Men  Sneaker /PELOTAS XLF /brown-K100752-002
1138,PUMA,Roma Basic+ Men's Sneakers
1139,PUMA,Deviate Nitro 2 Psyrush
1140,PUMA,Caracal
1141,PUMA,Palermo Special
1142,PUMA,Flyer Lite Mesh Shoes
1143,ADIDAS,samba og sneakers
1144,Camper,CAMPER Men Basket /BEETLE /black-18751-048
1145,PUMA,Smash Vulcanised V3 Low Trainers
1146,Camper,CAMPER  Men  Sneaker /RUNNER FOUR /beige-K100842-002
1147,Camper,CAMPER  Men  Oxford /PELOTAS ARIEL /brown-16002-306
1148,,
1149,,
1150,,
1151,New Balance,515 Classic Lifestyle Shoes
1152,New Balance,50 Lifestyle Sandals
1153,PUMA,Fusion Pro
1154,PUMA,Mercedes-Amg Petronas Formula 1 Drift Ca
1155,PUMA,Flyer Lite Running Shoes
1156,PUMA,Pwrframe Tr 2 Training Shoes Men
1157,Craft,Craft IX HIT TRAINER M 1912659-914999
1158,ADIDAS,Puffylette Shoes
1159,Camper,CAMPER  Men  Basket /TWS /brown-K100857-002
1160,PUMA,PUMA x THE SMURFS Slipstream Sneakers
1161,Camper,CAMPER  Men  Basket /PEU STADIUM /black-K100742-001
1162,FILA,FILA FUSION Man Fusion Sneakers Future Sneakers
1163,PUMA,Epic Flip V2 Sandals
1164,Camper,CAMPER Men Sneaker /TWS /multi-K100550-021
1165,PUMA,Softride Enzo Evo Running Shoes
1166,Camper,CAMPER Men Sneaker /PELOTAS XLF /white-K100545-038
1167,FILA,FILA FUSION Man Fusion Street Sports SW Canvas
1168,PUMA,R22 Trainers
1169,PUMA,Flyer Flex Running Shoes
1170,ADIDAS,X_PLRBOOST Shoes
1171,PUMA,[NEW] PUMA Unisex Resolve Modern Running Shoes (Gray)
1172,PUMA,Softride Cruise 2 Running Shoes
1173,Camper,CAMPER  Men  Sneaker /DRIFT TRAIL /multi-K100864-004
1174,PUMA,RS-X Efekt PRM Sneakers
1175,PUMA,Slipstream Bball Sneakers
1176,Hummel,St. Power Play Mid Sneakers
1177,ADIDAS,Alphatorsion 2.0 Shoes
1178,TROPICFEEL,Tropicfeel Canyon Shoes (Desert Green) - EU 42
1179,Hummel,Chevron Sport Flip Flops
1180,PUMA,Suede Xl
1181,PUMA,Divecat V2 Lite
1182,PUMA,Smash 3.0 L Sneakers
1183,PUMA,Slipstream Leather Sneakers
1184,PUMA,Foreverrun Nitro Running Shoes
1185,PUMA,Puma Shuffle
1186,TROPICFEEL,Tropicfeel Canyon Shoes (Fog Grey) - EU 42
1187,ADIDAS,Adizero Adios Pro 3.0 Shoes
1188,FILA,FILA FUSION Man Fusion Street Sports SW Canvas
1189,,
1190,,
1191,,
1192,New Balance,200 Sandals
1193,New Balance,200 Lifestyle Slider Sandals
1194,PUMA,ForeverRUN NITRO Men's Running Shoes
1195,PUMA,Scend Pro Running Shoes
1196,PUMA,Softride Enzo Evo Hyperwave Shoes
1197,Hummel,St. Power Play CL Sneakers
1198,Craft,CRAFT OCRXCTM VIBRAM ELITE W 1911738-915503
1199,PUMA,Divecat V2 Lite Slide
1200,PUMA,PUMA Unisex Smash Cat Leather Shoes (White)
1201,PUMA,Flyer Lite Running Shoes
1202,PUMA,Scend Pro Running Shoes
1203,Camper,CAMPER Men Sneaker /PEU TOURING /white-K100816-001
1204,ADIDAS,adicane slides
1205,PUMA,Softride Enzo Evo Slip-On Shoes
1206,ADIDAS,Run 60s 2.0 Shoes
1207,PUMA,Softride Cruise 2 Running Shoes
1208,ADIDAS,Web Boost Shoes
1209,PUMA,Leadcat 2.0 Sandals
1210,PUMA,Palermo Leather Men'S Sneakers
1211,Craft,CRAFT ADV NORDIC SPEED 2 M 1912177-999000
1212,PUMA,Flyer Lite Running Shoes
1213,Hummel,Flow Fit Shoes
1214,ADIDAS,court tourino shoes
1215,PUMA,Mercedes-Amg Petronas F1 ® Team X Mad Dog Jones Palermo Sneakers
1216,TROPICFEEL,Tropicfeel Jungle Shoes (Asphalt Grey) - EU 42
1217,Craft,CRAFT CTM ULTRA CARBON TRAIL M 1912171-999935
1218,Hummel,Root Elite II Shoes
1219,Hummel,Root Elite II Shoes
1220,Hummel,Forli Sneakers
1221,ADIDAS,ZNCHILL LIGHTMOTION+ Shoes
1222,PUMA,Suede Classic XXI Trainers
1223,PUMA,Rs-X 3D Shoes
1224,PUMA,Puma Sportstyle Core Anzarun Lite
1225,TROPICFEEL,Tropicfeel Jungle Shoes (Space Navy) - EU 42
1226,Craft,CRAFT PRO ENDUR DISTANCE M 1912183-904663
1227,Hummel,Monaco 86 Shoes
1228,FILA,FILA CORE Man FASHION ORIGINALE Sandals
1229,Camper,CAMPER Men Sneaker /RUNNER K21 /grey-K100743-029
1230,,
1231,,
1232,,
1233,New Balance,200 Lifestyle Sandals
1234,New Balance,500 Classic Lifestyle Shoes
1235,PUMA,Pwrframe Tr 2 Training Shoes Men
1236,PUMA,Fuse 2.0 Training Shoes
1237,PUMA,Roma Basic+ Men's Sneakers
1238,ADIDAS,Avryn Shoes
1239,Camper,CAMPER Men Basket /PEU CAMI /black-K100249-012
1240,PUMA,Slipstream Hi Heritage Sneakers
1241,PUMA,Suede Xl
1242,PUMA,Army Trainers
1243,PUMA,Suede Classic Xxi Trainers
1244,PUMA,Rebound Joy Trainers
1245,PUMA,Leadcat FTR Comfort Sandals
1246,TROPICFEEL,Tropicfeel Dune Shoes (Asphalt Grey) - EU 42
1247,Craft,CRAFT CTM ULTRA 2 M 1912181-503900
1248,ADIDAS,ZNCHILL LIGHTMOTION+ Shoes
1249,PUMA,Puma X Sophia Chang Palermo Sneakers
1250,PUMA,Mb.03 Basketball Slides
1251,TROPICFEEL,Tropicfeel Dune Shoes (Sage Khaki) - EU 43
1252,PUMA,Trinomic Blaze Chance Sneakers
1253,ADIDAS,Adizero RC 5 Shoes
1254,Freedom Moses,Freedom Moses Black Slides
1255,PUMA,Slipstream Premium Sneakers
1256,TROPICFEEL,Tropicfeel Dune Shoes (Space Navy) - EU 43
1257,PUMA,Anzarun Lite Bold Trainers
1258,PUMA,NRGY Comet Running Shoes
1259,Hummel,Tatum Seamless Sneakers
1260,Hummel,Match Point Sneakers
1261,PUMA,NRGY Comet Running Shoes
1262,ADIDAS,X_PLRBOOST Shoes
1263,FILA,FILA FUSION Man Lifestyle BASKETBALL Heritage Sneakers
1264,PUMA,Royalcat Comfort Sandals
1265,ADIDAS,duramo 10 men's running shoes
1266,ADIDAS,avryn shoes
1267,PUMA,Basket Classic Xxi Muted
1268,PUMA,Leadcat 2.0 Suede Classic Sandals
1269,PUMA,Puma Traek
1270,PUMA,Ca Pro Classic Trainers
1271,,
1272,,
1273,,
1274,New Balance,480 Lifestyle Shoes
1275,New Balance,480 Lifestyle Shoes
1276,PUMA,Flyer Flex Running Shoes
1277,ADIDAS,response super 3.0 shoes
1278,PUMA,Puma X Dazed And Confused Suede Sneakers
1279,PUMA,Leadcat 2.0 V Slides
1280,PUMA,TRC Blaze Swxp Sneakers
1281,PUMA,Fuse 2.0 Men'S Training Shoes
1282,PUMA,Popcat 20 Regency Romance Slides
1283,PUMA,Slipstream Always On Sneakers
1284,TROPICFEEL,Tropicfeel Sunset Shoes (Space Navy) - EU 41
1285,PUMA,Serve Pro Lite Cny Sneakers
1286,PUMA,Resolve Modern Weave Running Shoes
1287,PUMA,[NEW] PUMA ATTACANTO IT Men's Soccer Cleats (Black-Silver)
1288,Hummel,Forli Sneakers
1289,PUMA,Leadcat 2.0 Play
1290,PUMA,Leadcat 2.0 V Slides
1291,ADIDAS,ozelle cloudfoam shoes
1292,ADIDAS,Alphabounce+ Bounce Shoes
1293,Hummel,Busan Synthetic Nubuck Court Style Trainers
1294,Camper,CAMPER Men Sneaker /PELOTAS XLF /black-K100751-002
1295,PUMA,Better Foam Legacy Running Shoes
1296,PUMA,Trc Blaze Shark Sneakers
1297,Camper,CAMPER Men Trainers /Camaleon 1975 /multi-K300379-013
1298,PUMA,Dream Nitro Future Slides
1299,PUMA,Trc Blaze Haunted Sneakers
1300,ADIDAS,treziod 2.0 shoes
1301,PUMA,Palermo
1302,PUMA,Flyer Flex Running Shoes
1303,PUMA,Transport Running Shoes
1304,Camper,CAMPER Men Basket /CHASIS SPORT /black-K100373-008
1305,ADIDAS,Avryn Shoes
1306,Camper,CAMPER Men Sneaker /PEU TOURING /white-K100479-003
1307,PUMA,Palermo Leather Men'S Sneakers
1308,ADIDAS,Ultraboost Light Shoes
1309,ADIDAS,Ultraboost 1.0 LCFP Shoes
1310,PUMA,Suede Layers Sneakers
1311,PUMA,Flyer Flex Running Shoes
1312,,
1313,,
1314,,
1315,New Balance,574 Classic Lifestyle Shoes
1316,New Balance,237 Classic Lifestyle Shoes
1317,ADIDAS,Ultraboost 1.0 Shoes
1318,Hummel,Chevron Flip Flops
1319,PUMA,Redeem Profoam Running Shoes
1320,PUMA,Flyer Flex Running Shoes
1321,PUMA,[NEW] PUMA FUTURE PLAY IT Men's Football Boots (Black)
1322,PUMA,Extent Nitro Europa Sneakers
1323,PUMA,Popcat 20 Sandals
1324,Hummel,Flow Seamless Tonal Sneakers
1325,PUMA,Aviator Profoam Sky Puma Shoes
1326,ADIDAS,ZNCHILL LIGHTMOTION+ Shoes
1327,ADIDAS,Racer TR21 Shoes
1328,ADIDAS,Racer TR21 Shoes
1329,PUMA,Electrify Nitro 2 Running Shoes
1330,PUMA,Leadcat 2.0 Sandals
1331,PUMA,Divecat V2 Lite Slides
1332,ADIDAS,ZNCHILL LIGHTMOTION+ Shoes
1333,PUMA,Puma Smash Leather Men'S Sneakers
1334,PUMA,Leadcat 2.0 Suede OG Slides
1335,FILA,FILA CORE Man Fashion ORIGINALE Heritage Slippers
1336,Hummel,Pool Slides
1337,ADIDAS,Racer TR21 Shoes
1338,Camper,CAMPER Men Sneaker /KARST /black-K100845-005
1339,PUMA,Suede Classics Og Sneakers
1340,Hummel,Flow Breather Seamless Trainers
1341,PUMA,Aviator Profoam Sky Running Shoes
1342,ADIDAS,pureboost 22 running shoes
1343,ADIDAS,questar men's running shoes
1344,PUMA,Twitch Runner Trail Running Shoes
1345,ADIDAS,alphabounce slides
1346,FILA,FILA CORE Man Lifestyle ORIGINALE Heritage Slippers
1347,PUMA,Flyer Flex Running Shoes
1348,Camper,CAMPER Men Sneaker /TWS /black-K100743-027
1349,ADIDAS,4dfwd pulse 2.0 shoes
1350,ADIDAS,nmd_v3 shoes
1351,PUMA,Suede Classic XXI Trainers
1352,PUMA,Aviator Puma Black-Rose Gold
1353,,
1354,,
1355,,
1356,New Balance,480 Lifestyle Shoes
1357,New Balance,500 Classic Lifestyle Shoes
1358,Hummel,Teiwaz III Shoes
1359,Hummel,Monaco 86 Shoes
1360,Hummel,Minneapolis Legend Shoes
1361,Hummel,Handewitt
1362,DeFacto,Faux Leather High Sole Sneaker
1363,Hummel,Monaco 86 Shoes
1364,Hummel,Handball Perfekt Shoes
1365,PUMA,Taper Trainers
1366,PUMA,Leadcat 2.0 Suede OG Slides
1367,PUMA,Softride Cruise Shoes
1368,PUMA,Puma Sportstyle Core Leadcat
1369,PUMA,Smash Vulcanised V3 Low Trainers
1370,ADIDAS,pureboost 22 running shoes
1371,PUMA,Suede Gum Trainers
1372,ADIDAS,Ultra 4DFWD Shoes
1373,Hummel,Comfort Flip Flops
1374,ADIDAS,ultrabounce men's running shoes
1375,Hummel,Match Point Sneakers
1376,Hummel,Match Point Sneakers
1377,PUMA,Leadcat 2.0 NJR
1378,PUMA,Rebound Lay Up Trainers
1379,PUMA,Aviator Profoam Sky Running Shoes
1380,Hummel,Stadil Mid 3.0 Trainers
1381,Hummel,Trinity Breaker Seamless Trainers
1382,Camper,CAMPER Men Trainers /Runner K21 /brown-K300429-004
1383,ADIDAS,Fluidflow 2.0 Shoes
1384,PUMA,Leadcat 2.0 NJR Puma Black-Puma White
1385,ADIDAS,nmd_r1 v3 shoes
1386,Hummel,Teiwaz III Shoes
1387,PUMA,Anzarun Lite Trainers
1388,Hummel,Mainz
1389,Camper,CAMPER Men Sneaker /PEU TOURING /navy-K100816-006
1390,Camper,CAMPER Men Sneaker /KARST /white-K100845-001
1391,ADIDAS,Fluidflow 2.0 Shoes
1392,ADIDAS,pureboost 22 running shoes
1393,PUMA,Leadcat FTR Comfort Sandals
1394,,
1395,,
1396,,
1397,New Balance,515 Classic Lifestyle Shoes
1398,New Balance,200 Sandals
1399,PUMA,Leadcat 2.0 Sliders
1400,Hummel,Flow Fit Sneakers
1401,Hummel,Actus Trainers 2.0
1402,PUMA,Leadcat 2.0 Sliders
1403,Camper,CAMPER Men Sneaker /CAMALEON 1975 /beige-K100674-001
1404,ADIDAS,Alphatorsion 2.0 Shoes
1405,PUMA,Flyer Running Shoes
1406,Hummel,Flow Breather Sneakers
1407,Camper,CAMPER Men Sneaker /PATH /white-K100886-002
1408,Camper,CAMPER  Men  Sneaker /PEU TOURING /black-K100479-001
1409,ADIDAS,nmd_r1 shoes
1410,ADIDAS,nmd_r1 shoes
1411,ADIDAS,Ultraboost 1.0 Shoes
1412,Hummel,Tatum Seamless Sneakers
1413,ADIDAS,adidas Pureboost 21 Shoes
1414,ADIDAS,superstar shoes
1415,PUMA,PUMA Unisex Popcat 20 Sandals
1416,Hummel,Zion Legend Seamless Sneakers
1417,Camper,CAMPER  Men  Basket /CHASIS SPORT /brown-K100373-019
1418,Ripples,Arika Aztec Laser Men Flip Flops (Dark Grey)
1419,Hummel,Root Elite II Shoes
1420,PUMA,Leadcat 2.0
1421,ADIDAS,duramo sl shoes
1422,ADIDAS,stan smith shoes
1423,PUMA,Anzarun Lite Trainers
1424,PUMA,Smash v2 Leather Trainers
1425,PUMA,Ever Mid Sneakers
1426,Hummel,Chevron Flip Flops
1427,Hummel,St. Power Play Sneakers
1428,Camper,CAMPER Men Lace Up Shoe /PIX /green-K100888-002
1429,Lacoste,Men's Lacoste L001 Mid Leather Trainers
1430,Louis Cuppers,Casual Outdoor Sandals
1431,Camper,CAMPER Men Sneaker /CAMALEON 1975 /white-K100674-003
1432,Hummel,Flow Seamless Trainers
1433,Hummel,Hummel Flow Breather
1434,ADIDAS,Superstar Shoes
1435,,
1436,,
1437,,
1438,,
1439,,
1440,,
1441,New Balance,200 Lifestyle Sandals
1442,New Balance,200 Lifestyle Slider Sandals
1443,Hummel,Hummel Tatum Seamless
1444,ADIDAS,adilette lite slides
1445,Hummel,Multi Stripe Flip Flops
1446,ADIDAS,Ultraboost 1.0 Shoes
1447,Hummel,Natal Men's Flip Flops
1448,Hummel,Legend Breather Lightweight Trainers
1449,Hummel,Handewitt Lightweight Mesh Trainers
1450,Hummel,Multi Stripe Flip Flops
1451,ADIDAS,adilette lite slide sandals
1452,Hummel,Trinity Breaker Seamless Sneakers
1453,Hummel,Trinity Breaker Seamless Trainers
1454,ADIDAS,stan smith shoes
1455,Hummel,Reach Lx 600 Sneakers
1456,Hummel,Slimmer Stadil Low Top Trainers
1457,Hummel,Hummel Stadil Light Canvas
1458,,
1459,,
1460,,
